<?xml version="1.0" encoding="UTF-8"?>
<!DOCTYPE mapper PUBLIC "-//mybatis.org//DTD Mapper 3.0//EN" "http://mybatis.org/dtd/mybatis-3-mapper.dtd">
<mapper namespace="com.miaoshaproject.dao.SequenceDOMapper">
  <resultMap id="BaseResultMap" type="com.miaoshaproject.dataobject.SequenceDO">
    <!--
      WARNING - @mbg.generated
      This element is automatically generated by MyBatis Generator, do not modify.
      This element was generated on Mon Nov 11 17:01:02 GMT+08:00 2019.
    -->
    <id column="name" jdbcType="VARCHAR" property="name" />
    <result column="current_value" jdbcType="INTEGER" property="currentValue" />
    <result column="step" jdbcType="INTEGER" property="step" />
  </resultMap>
  <sql id="Base_Column_List">
    <!--
      WARNING - @mbg.generated
      This element is automatically generated by MyBatis Generator, do not modify.
      This element was generated on Mon Nov 11 17:01:02 GMT+08:00 2019.
    -->
    name, current_value, step
  </sql>
  <select id="selectByPrimaryKey" parameterType="java.lang.String" resultMap="BaseResultMap">
    <!--
      WARNING - @mbg.generated
      This element is automatically generated by MyBatis Generator, do not modify.
      This element was generated on Mon Nov 11 17:01:02 GMT+08:00 2019.
    -->
    select 
    <include refid="Base_Column_List" />
    from sequence_info
    where name = #{name,jdbcType=VARCHAR}
  </select>

  <select id="getSequenceByName" parameterType="java.lang.String" resultMap="BaseResultMap">
    <!--
      WARNING - @mbg.generated
      This element is automatically generated by MyBatis Generator, do not modify.
      This element was generated on Mon Nov 11 17:01:02 GMT+08:00 2019.
    -->
    select
    <include refid="Base_Column_List" />
    from sequence_info
    where name = #{name,jdbcType=VARCHAR} for update
  </select>

  <delete id="deleteByPrimaryKey" parameterType="java.lang.String">
    <!--
      WARNING - @mbg.generated
      This element is automatically generated by MyBatis Generator, do not modify.
      This element was generated on Mon Nov 11 17:01:02 GMT+08:00 2019.
    -->
    delete from sequence_info
    where name = #{name,jdbcType=VARCHAR}
  </delete>
  <insert id="insert" parameterType="com.miaoshaproject.dataobject.SequenceDO">
    <!--
      WARNING - @mbg.generated
      This element is automatically generated by MyBatis Generator, do not modify.
      This element was generated on Mon Nov 11 17:01:02 GMT+08:00 2019.
    -->
    insert into sequence_info (name, current_value, step
      )
    values (#{name,jdbcType=VARCHAR}, #{currentValue,jdbcType=INTEGER}, #{step,jdbcType=INTEGER}
      )
  </insert>
  <insert id="insertSelective" parameterType="com.miaoshaproject.dataobject.SequenceDO">
    <!--
      WARNING - @mbg.generated
      This element is automatically generated by MyBatis Generator, do not modify.
      This element was generated on Mon Nov 11 17:01:02 GMT+08:00 2019.
    -->
    insert into sequence_info
    <trim prefix="(" suffix=")" suffixOverrides=",">
      <if test="name != null">
        name,
      </if>
      <if test="currentValue != null">
        current_value,
      </if>
      <if test="step != null">
        step,
      </if>
    </trim>
    <trim prefix="values (" suffix=")" suffixOverrides=",">
      <if test="name != null">
        #{name,jdbcType=VARCHAR},
      </if>
      <if test="currentValue != null">
        #{currentValue,jdbcType=INTEGER},
      </if>
      <if test="step != null">
        #{step,jdbcType=INTEGER},
      </if>
    </trim>
  </insert>
  <update id="updateByPrimaryKeySelective" parameterType="com.miaoshaproject.dataobject.SequenceDO">
    <!--
      WARNING - @mbg.generated
      This element is automatically generated by MyBatis Generator, do not modify.
      This element was generated on Mon Nov 11 17:01:02 GMT+08:00 2019.
    -->
    update sequence_info
    <set>
      <if test="currentValue != null">
        current_value = #{currentValue,jdbcType=INTEGER},
      </if>
      <if test="step != null">
        step = #{step,jdbcType=INTEGER},
      </if>
    </set>
    where name = #{name,jdbcType=VARCHAR}
  </update>
  <update id="updateByPrimaryKey" parameterType="com.miaoshaproject.dataobject.SequenceDO">
    <!--
      WARNING - @mbg.generated
      This element is automatically generated by MyBatis Generator, do not modify.
      This element was generated on Mon Nov 11 17:01:02 GMT+08:00 2019.
    -->
    update sequence_info
    set current_value = #{currentValue,jdbcType=INTEGER},
      step = #{step,jdbcType=INTEGER}
    where name = #{name,jdbcType=VARCHAR}
  </update>
</mapper>