<?xml version="1.0" encoding="UTF-8"?>
<!DOCTYPE generatorConfiguration
        PUBLIC "-//mybatis.org//DTD MyBatis Generator Configuration 1.0//EN"
        "http://mybatis.org/dtd/mybatis-generator-config_1_0.dtd">
<generatorConfiguration>
    <context id="DB2Tables" targetRuntime="MyBatis3">
        <!--数据库链接地址账号密码-->
        <jdbcConnection driverClass="com.mysql.jdbc.Driver"
                        connectionURL="jdbc:mysql://localhost:3306/miaosha?serverTimezone=UTC"
                        userId="root" password="root">
        </jdbcConnection>
        <!--生成Model类存放位置-->
        <javaModelGenerator targetPackage="com.miaoshaproject.dataobject" targetProject="src/main/java">
            <property name="enableSubPackages" value="true"/>
            <property name="trimStrings" value="true"/>
        </javaModelGenerator>

    <!--生成映射文件存放位量-->
    <sqlMapGenerator targetPackage="mapping" targetProject="src/main/resources">
        <property name="enableSubPackages" value="true"/>
    </sqlMapGenerator>
    <!--生成Dao类存故位理-->
    <!--客户缩代码，生成易于使用的针对Mode1对象和XL配置文件的代码
        type="ANNOTATEDMAPPER"，生成Java Model 和基于注解的Mapper对象
        type="MIXEDMAPPER"，生成基于注解的Java Model和相应的Mapper对象
        type="XMLMAPPER"，生成SQLMapXML文件和独立的Mapper接口
    -->
    <javaClientGenerator type="XMLMAPPER" targetPackage="com.miaoshaproject.dao" targetProject="src/main/java">
        <property name="enableSubPackages" value="true"/>
    </javaClientGenerator>
    <!--生成对应表及类名<table tableName="user_info" domainObjectName="UserDO" enableCountByExample="false"
           enableUpdateByExample="false" enableDeleteByExample="false" enableSelectByExample="false"></table>
    <table tableName="user_password" domainObjectName="UserPasswordDO" enableCountByExample="false"
           enableUpdateByExample="false" enableDeleteByExample="false" enableSelectByExample="false"></table>
    <table tableName="item" domainObjectName="ItemDO" enableCountByExample="false"
           enableUpdateByExample="false" enableDeleteByExample="false" enableSelectByExample="false"></table>
    <table tableName="item_stock" domainObjectName="ItemStockDO" enableCountByExample="false"
               enableUpdateByExample="false" enableDeleteByExample="false" enableSelectByExample="false"></table>
  -->
        <table tableName="promo" domainObjectName="PromoDO" enableCountByExample="false"
               enableUpdateByExample="false" enableDeleteByExample="false" enableSelectByExample="false"></table>

    </context>
</generatorConfiguration>
